slang,formal
abaikan,
abandon,
abandoned,
able,
absolute,
absolutely,
acakbersama,
account,
accurate,
add,
addict,
adilll,
adminya,
after,
again,
agent,
ajah,
ajg,
ajukan,
aktifkan,
akui,
akunku,
akunnya,
akunya,
alesan,
all,
also,
always,
amazing,
an,
anakanak,
analisi,
analisisnya,
analysis,
analyzing,
and,
aneeeh,
angry,
anjay,
another,
anymore,
apalah,
apapun,
apasih,
apasihhh,
apk,
apknya,
apl,
aplikasinya,
app,
application,
applikasinya,
appropriatelly,
approved,
apps,
aq,
arcade,
aslinya,
at,
ataskreator,
atu,
awesome,
ayolah,
back,
bag,
bagusjadi,
bagusjuga,
baguskeren,
bagusnya,
baguspermainan,
baguss,
bagustapi,
bagusuntuk,
baguus,
baiki,
balance,
balikin,
band,
baned,
bangetn,
bangett,
bangettt,
banned,
bannnn,
bantuannya,
banyaknya,
banyk,
bapakbapak,
batalkan,
battle,
battleroyal,
bayaringin,
bbrapa,
bbrp,
beat,
beautiful,
because,
beeen,
been,
behh,
bem,
bener,
beneran,
benerin,
ber,
berenti,
berharihari,
berika,
berikutnya,
berkonpotisi,
bersenangsenang,
berstrategi,
berturut,
berturutturut,
best,
besttt,
better,
bgs,
bgt,
bgus,
biarkan,
biscuits,
bjir,
black,
blokirjgn,
bludger,
bnget,
bngt,
bnyak,
board,
boringgada,
bosen,
boss,
botkomputer,
botmaster,
bots,
brain,
break,
briliant,
brilliant,
brilliantnya,
bro,
bs,
btw,
buasa,
bug,
bugsalah,
bugus,
bullet,
by,
bye,
byk,
cacad,
called,
calsen,
can,
cant,
capture,
carefully,
carlsen,
caturdan,
caturkalau,
caturnya,
caturrr,
caught,
cause,
cb,
cemana,
cepet,
champion,
chat,
cheat,
cheated,
cheater,
cheating,
checkers,
chekmate,
ches,
chess,
chesscom,
chesse,
chesskers,
chessnya,
chesss,
chet,
cihuyyy,
citer,
clansquad,
clock,
clockjam,
close,
closed,
cmn,
coach,
coaches,
coachnya,
cobak,
coin,
collab,
com,
coman,
commentcuman,
confused,
consecutive,
contohnya,
cool,
country,
coy,
create,
created,
creating,
creator,
curangi,
curangny,
custom,
customize,
daah,
dahlan,
dapet,
dapetin,
dark,
dasardasar,
day,
dbest,
dcbaru,
debes,
deg,
dehh,
dehhh,
delay,
denamis,
deskripsikan,
detiksedangkan,
detikudah,
dev,
developermengapa,
dexterity,
dgn,
diabaikan,
diambil,
diamond,
diandalkan,
diandroid,
diangap,
dianggap,
diatas,
dibaca,
dibandingkan,
dibanned,
dibantu,
dibatasi,
dibawah,
dibayar,
dibenarkan,
dibenerin,
diberi,
dibilang,
diblok,
diblokir,
dibuka,
didaftar,
didalam,
didepannya,
diganggu,
diganti,
dihapus,
dihilangkan,
dijawab,
dikalahkan,
dikasih,
dikembalikan,
dikira,
dikurangin,
dilawan,
dilengkapi,
dimainkan,
dimana,
dimiliki,
diminta,
dimudahkan,
dinokatifkan,
dinonaktifkan,
dinyatakan,
dipelajari,
diperbaiki,
diperbanyak,
diperhatikan,
dipotong,
diriku,
dirumah,
disable,
disarankan,
disesuaikan,
disetting,
disini,
disisi,
ditambah,
ditambahkan,
ditemukan,
diterima,
ditolak,
dituduh,
ditunggu,
ditutup,
diubah,
dll,
dlm,
dlu,
donlod,
dont,
douwload,
download,
dr,
draw,
drawback,
dri,
duaskakmate,
due,
duitnya,
duolingo,
dxkz,
easily,
easy,
eating,
efeknya,
ello,
elonya,
emeil,
emg,
emng,
end,
engine,
english,
enjoy,
eq,
error,
evaluasinyatolong,
event,
everytime,
exciting,
experiencing,
facilitas,
fair,
farrand,
favorite,
fb,
feathures,
feature,
find,
finished,
first,
fiturnya,
fix,
focus,
folk,
for,
free,
freind,
friends,
from,
full,
fun,
funny,
future,
gaada,
gabisa,
gacorrr,
gaje,
gajelas,
gajelasgk,
gajelass,
gamasalah,
game,
gamegame,
gamenya,
gameplay,
games,
gantiin,
gapernah,
gasu,
gausah,
gbisa,
gem,
geme,
gemnya,
gerakannya,
get,
getting,
gezet,
gg,
give,
gk,
globalprbk,
gm,
gokilll,
good,
goodgim,
goodthe,
googe,
google,
goood,
gotta,
gpp,
grand,
great,
greatest,
ground,
gsh,
guaaa,
gw,
hacker,
haha,
hahah,
hahaha,
hallo,
happyeven,
haruskan,
harusnya,
hasilnya,
hate,
have,
heaven,
hebatt,
hehe,
hello,
help,
hey,
hikaru,
hilangkan,
hnya,
home,
honestly,
how,
however,
hp,
hrus,
idea,
idr,
if,
igin,
iklannya,
iklanya,
im,
imbasnya,
in,
indeed,
indihome,
indonesianya,
indonyah,
iniaku,
iniaplikasi,
inibisa,
inii,
intinya,
iq,
is,
it,
itemnya,
itinya,
ive,
jadinya,
jalanin,
jalankan,
jamwaktu,
jarimgannya,
jaringannya,
jaringanya,
jawabnya,
jdi,
jengkelberapa,
jg,
jgn,
jing,
jirr,
job,
jonnnnn,
joss,
josss,
jugak,
jugaklah,
just,
kaaann,
kalahkan,
karna,
kasparov,
katain,
kayaknya,
kcung,
kdang,
keamanannya,
keambil,
keatas,
kebaca,
kebanggan,
kebanyakaan,
kebayang,
kebayar,
kecepeten,
kedepannya,
kegabutan,
keinget,
kejelasa,
kekurangannya,
kembaliin,
kembalikan,
kenak,
kepencet,
kepisah,
kepotong,
keputusannya,
kereeennn,
kerencuma,
kerenn,
kerennn,
kesamping,
kesedot,
kesesamamungkin,
kesukaanku,
ketidak,
kid,
kinda,
king,
klau,
klo,
kluar,
kn,
know,
knp,
komplen,
konslet,
kukangen,
kurangan,
kurangi,
kurangnya,
kusuka,
lag,
lagesy,
laggy,
lagulagu,
lainnya,
lainya,
lakukan,
lakukansy,
lamaku,
lamalama,
lamapun,
langganannya,
langganansaya,
langkahnya,
lanjuti,
lawaak,
lawannya,
lawanya,
layakwet,
layarnya,
learn,
learning,
leason,
lee,
left,
leg,
lesson,
levy,
lgi,
lichess,
life,
like,
likes,
live,
loading,
login,
look,
lopyuu,
loss,
losses,
lost,
lqgi,
maafkan,
maalh,
maen,
magnu,
magnus,
maini,
mainin,
mainkan,
mainnya,
makasi,
make,
males,
mangasah,
mantaaap,
mantaapppp,
mantapp,
mantappp,
mantep,
many,
maruk,
masalahnya,
masi,
masknya,
maslaah,
massage,
massih,
masterpiece,
match,
matikan,
maupn,
max,
mean,
means,
melvern,
membelinya,
mempelajarinya,
menaikan,
menangkan,
menariktidak,
mendownloadnya,
mengajariku,
menganalisa,
menggerakan,
menginstalnya,
mengoteksi,
mengubahnya,
menikmatin,
menitan,
mentangmentang,
menurutku,
menvevikasi,
mesinnya,
meyenangkan,
mgkn,
might,
mikir,
miliki,
mindri,
mine,
minion,
minusnya,
miss,
mnding,
mningktkn,
mnt,
mobile,
modperaturan,
money,
mood,
more,
mouse,
move,
moves,
mrk,
muantabss,
muantap,
much,
mudahkan,
muito,
multiplayer,
mulu,
mulussaya,
must,
musuhnya,
mwngasah,
my,
naikin,
naise,
nakamura,
nambah,
nambahin,
name,
names,
nampol,
namus,
napa,
need,
nefs,
neuro,
never,
new,
next,
ngalahin,
ngapa,
ngapain,
ngapainmain,
ngasah,
ngasal,
ngasi,
nge,
ngebosenin,
ngebuat,
ngebug,
ngecheat,
ngelag,
ngelatih,
ngerakin,
ngerasa,
ngerti,
ngertinya,
ngeselin,
ngga,
nggak,
ngirim,
ngisi,
ngk,
ngomong,
ngomongnya,
ngorot,
ngumpul,
ngumpulin,
nice,
nickname,
ningkatin,
nnti,
nonaktifkan,
nonsense,
nothing,
now,
nowhere,
nunggu,
ny,
nya,
nyaapalagi,
nyambung,
nyamohon,
nyarinya,
nyebelin,
nyerah,
nyesel,
obrolannya,
of,
off,
offers,
offline,
ok,
okay,
okee,
okelah,
okewaktu,
old,
once,
one,
online,
only,
oon,
opening,
operate,
opinion,
opponen,
opponent,
or,
orangorang,
org,
organize,
orng,
otakmu,
our,
out,
overall,
own,
pahami,
password,
patuhi,
pawn,
pay,
pc,
pdhl,
peak,
pecarian,
pelatihtemandan,
pemainnya,
pemainpemain,
pembelajarannya,
peminatnya,
pemulamenengahmenengah,
pengen,
pengetahuanku,
people,
perbaiki,
perbaikin,
percentage,
percepat,
perfect,
permainannya,
permanently,
pesertanya,
phonk,
php,
pieces,
pihal,
pke,
play,
played,
player,
playernya,
playing,
playstore,
playstyle,
please,
pliss,
plsa,
plss,
poeple,
poinlawan,
point,
points,
pokoknya,
pokonya,
policy,
ponselmu,
pool,
poor,
possition,
pre,
precise,
premove,
profile,
propesional,
punish,
pushnya,
puzzles,
quality,
queen,
racist,
random,
ranknya,
rapid,
rasya,
rate,
ratting,
really,
recomended,
recommended,
refund,
rekomen,
rekomend,
rekomendasikan,
rell,
relog,
report,
request,
resfect,
restart,
reting,
review,
reynardau,
rg,
rieview,
right,
rma,
rprp,
rules,
rumt,
sajagood,
samasama,
sampaikan,
sampe,
satunya,
save,
sayangnya,
says,
scholars,
screen,
sdh,
sebagainya,
sebenernya,
sebentarsaya,
sebernernya,
second,
secs,
see,
sehigga,
sekalilah,
sekalisekali,
semogah,
sendirijangan,
senku,
sepintar,
sepuasnya,
serunya,
seruu,
seruuu,
seruuuu,
seruuuuuuuuuuuu,
servernya,
sesering,
sesuaikan,
sgt,
should,
sieh,
signal,
signalnya,
sihpadahal,
siip,
simple,
singabertindik,
sinyalmu,
sinyalnya,
sipp,
sistemnya,
size,
skak,
skakmat,
skedar,
skill,
skin,
small,
smart,
so,
soalnya,
soalx,
solving,
some,
sometimes,
soo,
sorry,
sound,
speed,
spend,
spotify,
srategi,
stabilkan,
stalemate,
still,
stockfish,
store,
strategies,
streak,
stresss,
studying,
subtitle,
suck,
suddenly,
sukaa,
sukai,
superman,
susahain,
susahh,
suspected,
suspicious,
swiss,
swtelah,
sy,
system,
systemnya,
talkback,
tambahin,
tambahkan,
tanggapannya,
tawarin,
tdk,
team,
tekateki,
tekatekibelajardan,
teknistapi,
telog,
temen,
ten,
terahir,
teralu,
terbaek,
terimakasih,
terusss,
tetep,
thank,
that,
thats,
the,
their,
them,
then,
there,
they,
think,
thinking,
this,
thn,
though,
thumnail,
tibatiba,
tibatibareconect,
tidakapakah,
tie,
time,
timer,
timernya,
times,
tingkatkan,
tired,
tlpn,
tolonglah,
tony,
too,
totalnya,
toxic,
tpi,
train,
training,
trains,
tried,
triknya,
tripalosky,
trlalu,
trophymahkota,
trs,
trus,
truss,
trust,
trying,
ttp,
tuff,
tulisannya,
tup,
udah,
udh,
ujungnya,
ulangi,
ulasannya,
uninstal,
uninstall,
unlimited,
untul,
up,
upd,
updat,
update,
updatenya,
upgrade,
ur,
us,
usahain,
used,
useful,
user,
username,
utk,
very,
vid,
vs,
wafi,
waiting,
waktunya,
website,
weird,
well,
welll,
what,
when,
which,
why,
wifi,
will,
win,
winning,
wish,
with,
wkwkw,
woiii,
words,
world,
worth,
woy,
woyyyyy,
yaa,
yaallahhsaya,
yabg,
yakini,
yall,
yaudah,
yeah,
year,
years,
yes,
you,
youll,
your,
